Title,Price,ImageUrl
"Amazon Brand - Vedaka Whole Cardamom (Elaichi), 100g",299,https://m.media-amazon.com/images/I/91Ojw1mAUrL._AC_UL320_.jpg
"Nutri Desire 100% Green Cardamom Elaichi, 100 gram",219,https://m.media-amazon.com/images/I/71gVYtm9JeS._AC_UL320_.jpg
GreenFinity Cardamom Green Whole - 50gm + 50gm Sabut Elaichi Grade - Big Size (Buy 1 Get 1 Free),264,https://m.media-amazon.com/images/I/51Np4A+0pIL._AC_UL320_.jpg
"More Superior Elaichi (Cardamom) - Green, 20g Pouch",195,https://m.media-amazon.com/images/I/81rIzrv+O+L._AC_UL320_.jpg
"Generic Cardamom, 100g",189,https://m.media-amazon.com/images/I/812yz-CF-2L._AC_UL320_.jpg
"Generic Cardamom, 50g",75,https://m.media-amazon.com/images/I/81YY9MOCSaL._AC_UL320_.jpg
"More Choice Cardamom (Elaichi), Green 50gm.",345,https://m.media-amazon.com/images/I/61N3GR3rixL._AC_UL320_.jpg
"Vedaka Whole Black Cardamom, 100g",174,https://m.media-amazon.com/images/I/91JsHeMeigL._AC_UL320_.jpg
Kitchen Jungle Green Cardamom 8mm BOLD (elaichi) Whole (100 Grams),274,https://m.media-amazon.com/images/I/61obuIu6YOL._AC_UL320_.jpg
FarmOwn Green Cardamom (Elaichi) 100 Grams,399,https://m.media-amazon.com/images/I/713SD3wUOJS._AC_UL320_.jpg
"Nutrilin Green Cardamom, Freshly Harvest / Whole Elaichi / 8mm Bolt (100)",219,https://m.media-amazon.com/images/I/61thLpaBV0L._AC_UL320_.jpg
"Being Marwari Green Cardamom (elaichi) Whole , 100g",219,https://m.media-amazon.com/images/I/61ojjBxNHNL._AC_UL320_.jpg
"24 Mantra Cardamom/Elaichi/Elakulu - 50gms, Pack of 1",300,https://m.media-amazon.com/images/I/71SkXBcMjML._AC_UL320_.jpg
"SHRILALMAHAL Elite Aroma, Whole Cardamom Green Big 8mm Bolt, 200g",659,https://m.media-amazon.com/images/I/81WFRKD1o3L._AC_UL320_.jpg
FarmOwn Green Cardamom Seed Powder Elaichi (100 Grams),399,https://m.media-amazon.com/images/I/71Ln8Bs9oCL._AC_UL320_.jpg
"More Choice Cardamom (Elaichi) - Black, 50g",199,https://m.media-amazon.com/images/I/81INyqJUKUL._AC_UL320_.jpg
SFT Cardamom Black (Elaichi) 50 Gm,126,https://m.media-amazon.com/images/I/71Hcqu07+IL._AC_UL320_.jpg
"Kitchen Jungle Cardamom Green, Elaichi 100 gm",234,https://m.media-amazon.com/images/I/61UavGMds8L._AC_UL320_.jpg
"CHATOKDE Cardamom Green Whole - Grade - Big Size, 100g",219,https://m.media-amazon.com/images/I/61CtcUkkVqL._AC_UL320_.jpg
"Organic Tattva, Organic Whole Black Cardamom (Badi Elaichi) 50 Gram | 100% Vegan, Gluten Free and NO Additives",167,https://m.media-amazon.com/images/I/81tQSoLPzgL._AC_UL320_.jpg
Seeds and Hands Wayanad 7mm+ Green Cardamom/Elaichi Whole [No Artificial Colors] (100g),375,https://m.media-amazon.com/images/I/814ySH09TUL._AC_UL320_.jpg
Kamphal Green Cardamom (Choti Elaichi) 100gm from Kerala,180,https://m.media-amazon.com/images/I/51nY0uZqXZL._AC_UL320_.jpg
JK Cardamom | Elaichi | Green | Choti | 7-8mm (50g),160,https://m.media-amazon.com/images/I/81pGxbUFB9S._AC_UL320_.jpg
SFT Cardamom Green (Elaichi) 1 Kg,"1,657",https://m.media-amazon.com/images/I/71+42XZMpkS._AC_UL320_.jpg
Western Ghats-Kerala Whole Green Cardamom 100g Bold | Sabut Choti Hari Elaichi | Aroma lock pouch,299,https://m.media-amazon.com/images/I/81Z1NlJckSS._AC_UL320_.jpg
Kitchen Jungle Cardamom Powder | Ilaichi Powder | Elaichi Powder (100 Grams JAR),249,https://m.media-amazon.com/images/I/51AaHw2M82L._AC_UL320_.jpg
Plant N Plate Green Cardamom (elaichi) Whole (200 Garms),358,https://m.media-amazon.com/images/I/71uF1RsXIfL._AC_UL320_.jpg
Nutzone Green Cardamom 100 Grams Choti Sabut Elaichi,329,https://m.media-amazon.com/images/I/71pAkK63oTL._AC_UL320_.jpg
APLUS Cardamom Green / CHOTI ELAICHI Pouch 100 g,315,https://m.media-amazon.com/images/I/81zKOyChz4L._AC_UL320_.jpg
F2K - Badi Elaichi 100gm - Black Cardamom Whole - Kali Elaichi (Premium Big Cardamom Bold Size),145,https://m.media-amazon.com/images/I/810BZH0ZTBS._AC_UL320_.jpg
"Urban Platter Whole Black Cardamom (Badi Elaichi), 100g",236,https://m.media-amazon.com/images/I/61U3612xD1L._AC_UL320_.jpg
SP SPICES Premium Organic Black Cardamom (Badi Elaichi ) / Big Cardamom / Kali Elaichi ( Bold Size ) (50 GM),80,https://m.media-amazon.com/images/I/81-ojfd0oHL._AC_UL320_.jpg
"Pro Nature Organic Large Cardamom (Black), 30 g",106,https://m.media-amazon.com/images/I/71OoJnmnOOL._AC_UL320_.jpg
Elaichi Powder Green Cardamoms (50 Grams),169,https://m.media-amazon.com/images/I/71R-OZu896L._AC_UL320_.jpg
Shree Murli Whole Cardamom Green Big 8mm Bold Bolt (Elaichi) (100 grams),229,https://m.media-amazon.com/images/I/81Wcf4k9wiL._AC_UL320_.jpg
ROYAL SAFFRON Black Cardamom 50g Kali Elaichi Whole Black Cardamom Badi Elaichi Slightly Sweet Mint Flavour Vegan Foods Hygienically Packed 50gm,65,https://m.media-amazon.com/images/I/61gUnSez48L._AC_UL320_.jpg
Nutzone Green Cardamom Seed Powder 50g,199,https://m.media-amazon.com/images/I/71iEiPIXvfL._AC_UL320_.jpg
F2K Badi Elaichi - Black Cardamom Whole - Premium Big Cardamom (Kali elaichi) 50g,95,https://m.media-amazon.com/images/I/81vDIaZkraS._AC_UL320_.jpg
"Urban Platter Whole Cardamom (Elaichi), 100g",381,https://m.media-amazon.com/images/I/61d6nQ2r1hL._AC_UL320_.jpg
FarmOwn Green Cardamom Elaichi Big Bold 8MM Pouch (100 Grams),299,https://m.media-amazon.com/images/I/71QWB4e10ES._AC_UL320_.jpg
Sattva Sugandha Green Cardamom Whole | Choti Elaichi | 8mm+ Pods | 100g | From Idduki District of Kerala,449,https://m.media-amazon.com/images/I/71OMgiZ4nUS._AC_UL320_.jpg
Elly Nuts Green Cardamom Big Size Elaichi 250 gms |Whole Green Elaichi | Hari Elaichi| Sabut Choti Hari Elaichi [Jar Pack],399,https://m.media-amazon.com/images/I/61SRfzQGb4L._AC_UL320_.jpg
"Miltop Premium Cardamom Green Whole (ELAICHI), 100g",235,https://m.media-amazon.com/images/I/911YTtqSHLL._AC_UL320_.jpg
Pro Nature 100% Organic Cardamom (Small) 50g,450,https://m.media-amazon.com/images/I/61oziXcYqLL._AC_UL320_.jpg
"Ganpatjee Green Elaichi Cardamom Powder, 25gm",119,https://m.media-amazon.com/images/I/71TvSi9cPrL._AC_UL320_.jpg
"KERALA FARMERS Green cardamom.Elaichi well cleaned, 500 g (Pack of 1)",849,https://m.media-amazon.com/images/I/81J1kI2gB6L._AC_UL320_.jpg
LDF Elite Aroma Whole Cardamom Green Big 8mm Bolt 100gm | GROWN IN INDIA | Exotic Hari Elaichi | Export Quality | Authentic Sabut Ilaichi,229,https://m.media-amazon.com/images/I/71Uto1l56DS._AC_UL320_.jpg
Nutri Desire Green Cardamom Big Size(9mm)50gm Elaichi,149,https://m.media-amazon.com/images/I/71MhOwLJdDL._AC_UL320_.jpg
